,Cost,Safety,Accessibility,Authenticity
0,"Brandenburg Gate
Justification:
The Brandenburg Gate is a popular tourist spot in Berlin. It is a symbol of unity and peace and holds historical significance. Admission to see the gate is free, making it a great option for budget-conscious travelers.
Pros:
Free admission, historical significance
Cons:
May be crowded with tourists

Berlin Wall Memorial
Justification:
The Berlin Wall Memorial is a must-visit for history enthusiasts. It offers a glimpse into Germany's divided past and the struggles faced by its citizens. Admission is also free, making it an affordable option.
Pros:
Free admission, historical significance
Cons:
Can be emotionally intense

Reichstag Building
Justification:
The Reichstag Building is the seat of the German Parliament and offers panoramic views of the city from its dome. Admission is free, but pre-booking is required. It is a great option for those interested in politics and architecture.
Pros:
Free admission, great views
Cons:
Requires pre-booking

Museum Island
Justification:
Museum Island is a UNESCO World Heritage site and home to several world-renowned museums. While some museums require paid admission, there are also free entry opportunities, such as on certain days or for specific exhibitions. It is a cultural hub and perfect for art and history enthusiasts.
Pros:
Cultural hub, offers both paid and free admission options
Cons:
Paid admission for some museums

Tiergarten Park
Justification:
Tiergarten Park is a vast green space in the heart of Berlin. It offers a serene escape from the city's hustle and bustle and is perfect for picnics, walks, and bike rides. Admission is free, making it a cost-effective option for outdoor relaxation.
Pros:
Free admission, peaceful environment
Cons:
Limited indoor attractions

","Brandenburg Gate
Justification:
The Brandenburg Gate is an iconic landmark and a must-visit attraction in Berlin. It is heavily guarded and surrounded by security, making it a safe place to visit.
Pros:
High level of security, iconic landmark
Cons:
Can be crowded with tourists

Reichstag Building
Justification:
The Reichstag Building is the seat of the German federal government and offers a unique blend of history and architecture. It has strict security measures in place, ensuring safety.
Pros:
Tight security, historical significance
Cons:
Advance booking required for guided tours

East Side Gallery
Justification:
The East Side Gallery is a vibrant open-air gallery featuring murals on the remaining sections of the Berlin Wall. It is a popular tourist spot with a lively atmosphere.
Pros:
Crowded with tourists and locals, vibrant atmosphere
Cons:
Possible presence of pickpockets in crowded areas

Museum Island
Justification:
Museum Island is a UNESCO World Heritage site housing several world-class museums. The area is well-maintained and has security personnel, ensuring safety for visitors.
Pros:
Security presence, rich cultural experience
Cons:
Potential queues and crowds during peak hours

","Berlin Wall Memorial
Justification:
The Berlin Wall Memorial is a good option because it is relatively accessible for wheelchair users. It has paved pathways and ramps, making it easier to navigate. Additionally, it offers a unique historical experience.
Pros:
Compared to other POIs, the Berlin Wall Memorial has better accessibility features such as ramps and paved pathways. It also provides an educational and historical experience.
Cons:
Some areas of the memorial might have slight slopes or uneven terrain, which can be a challenge for wheelchair users.

Brandenburg Gate
Justification:
The Brandenburg Gate is a popular landmark in Berlin that is relatively accessible for wheelchair users. It has ramps and a level entrance, making it easier to access and admire.
Pros:
Compared to other POIs, the Brandenburg Gate has good accessibility features with ramps and a level entrance. It is also a significant historical landmark.
Cons:
During peak tourist hours, the area around the Brandenburg Gate can be crowded, making navigation a bit more difficult for wheelchair users.

Pergamon Museum
Justification:
The Pergamon Museum is a worthwhile option with reasonable accessibility for wheelchair users. It offers accessible entrances and elevators to access different levels of the museum.
Pros:
Compared to other POIs, the Pergamon Museum provides accessible entrances and elevators, allowing wheelchair users to explore different levels of the museum. It also houses impressive artifacts and exhibits.
Cons:
Some areas of the museum may have limited space, making it slightly challenging to navigate during busy periods. Additionally, certain exhibits might have elevated platforms that can be difficult to access for wheelchair users.

Tiergarten Park
Justification:
Tiergarten Park is a beautiful outdoor space with good accessibility for wheelchair users. It has paved pathways and offers a peaceful environment for relaxation and leisurely walks.
Pros:
Compared to other POIs, Tiergarten Park provides well-maintained paved pathways, making it easier for wheelchair users to navigate and enjoy the park. It offers a tranquil and scenic atmosphere.
Cons:
Some areas of the park might have slight slopes or uneven terrain, which can be a challenge for wheelchair users. Additionally, certain sections of the park might have limited accessibility due to natural landscape features.

","Brandenburg Gate
Justification:
The Brandenburg Gate is an iconic symbol of Berlin and a historic landmark. It represents the city's history and is a must-visit for anyone looking for authenticity.
Pros:
Highly authentic and significant historical site
Cons:
Can be crowded with tourists

East Side Gallery
Justification:
The East Side Gallery is a section of the Berlin Wall that has been turned into an open-air gallery. It showcases authentic artworks and murals that reflect the history and culture of Berlin.
Pros:
Offers a unique and authentic experience
Cons:
Can be crowded, especially during peak tourist season

Museum Island
Justification:
Museum Island is a UNESCO World Heritage site and home to several museums that showcase Berlin's rich history and cultural heritage. Visiting the museums on Museum Island allows for an in-depth exploration of Berlin's authenticity.
Pros:
Provides a comprehensive understanding of Berlin's history and culture
Cons:
Entrance fees can be expensive for multiple museums

Kreuzberg District
Justification:
Kreuzberg is known for its alternative and artistic vibe. It is a vibrant neighborhood with street art, independent shops, and a diverse food scene. Exploring Kreuzberg allows for a glimpse into Berlin's alternative and authentic culture.
Pros:
Offers a unique and alternative experience of Berlin
Cons:
Some areas can be crowded and noisy

"
